{"tilemap": {"0;0": {"IRID": 0, "img": "PlanetFloor2", "pos": [0, 0], "type": "type"}, "0;1": {"IRID": 0, "img": "PlanetFloor3", "pos": [0, 1], "type": "type"}, "0;2": {"IRID": 0, "img": "water", "pos": [0, 2], "type": "type"}, "0;3": {"IRID": 0, "img": "PlanetFloor2", "pos": [0, 3], "type": "type"}, "0;4": {"IRID": 0, "img": "water", "pos": [0, 4], "type": "type"}, "0;5": {"IRID": 0, "img": "water", "pos": [0, 5], "type": "type"}, "0;6": {"IRID": 0, "img": "PlanetFloor3", "pos": [0, 6], "type": "type"}, "0;7": {"IRID": 0, "img": "lava", "pos": [0, 7], "type": "type"}, "0;8": {"IRID": 0, "img": "PlanetFloor3", "pos": [0, 8], "type": "type"}, "0;9": {"IRID": 0, "img": "PlanetFloor2", "pos": [0, 9], "type": "type"}, "0;10": {"IRID": 0, "img": "PlanetFloor2", "pos": [0, 10], "type": "type"}, "0;11": {"IRID": 0, "img": "PlanetFloor3", "pos": [0, 11], "type": "type"}, "0;12": {"IRID": 0, "img": "water", "pos": [0, 12], "type": "type"}, "0;13": {"IRID": 0, "img": "water", "pos": [0, 13], "type": "type"}, "0;14": {"IRID": 0, "img": "PlanetFloor2", "pos": [0, 14], "type": "type"}, "0;15": {"IRID": 0, "img": "PlanetFloor3", "pos": [0, 15], "type": "type"}, "0;16": {"IRID": 0, "img": "PlanetFloor2", "pos": [0, 16], "type": "type"}, "0;17": {"IRID": 0, "img": "PlanetFloor3", "pos": [0, 17], "type": "type"}, "0;18": {"IRID": 0, "img": "PlanetFloor2", "pos": [0, 18], "type": "type"}, "0;19": {"IRID": 0, "img": "PlanetFloor2", "pos": [0, 19], "type": "type"}, "1;0": {"IRID": 0, "img": "PlanetFloor2", "pos": [1, 0], "type": "type"}, "1;1": {"IRID": 0, "img": "lava", "pos": [1, 1], "type": "type"}, "1;2": {"IRID": 0, "img": "PlanetFloor3", "pos": [1, 2], "type": "type"}, "1;3": {"IRID": 0, "img": "PlanetFloor3", "pos": [1, 3], "type": "type"}, "1;4": {"IRID": 0, "img": "PlanetFloor2", "pos": [1, 4], "type": "type"}, "1;5": {"IRID": 0, "img": "PlanetFloor2", "pos": [1, 5], "type": "type"}, "1;6": {"IRID": 0, "img": "PlanetFloor3", "pos": [1, 6], "type": "type"}, "1;7": {"IRID": 0, "img": "PlanetFloor3", "pos": [1, 7], "type": "type"}, "1;8": {"IRID": 0, "img": "PlanetFloor1", "pos": [1, 8], "type": "type"}, "1;9": {"IRID": 0, "img": "PlanetFloor3", "pos": [1, 9], "type": "type"}, "1;10": {"IRID": 0, "img": "PlanetFloor2", "pos": [1, 10], "type": "type"}, "1;11": {"IRID": 0, "img": "PlanetFloor2", "pos": [1, 11], "type": "type"}, "1;12": {"IRID": 0, "img": "PlanetFloor2", "pos": [1, 12], "type": "type"}, "1;13": {"IRID": 0, "img": "lava", "pos": [1, 13], "type": "type"}, "1;14": {"IRID": 0, "img": "PlanetFloor2", "pos": [1, 14], "type": "type"}, "1;15": {"IRID": 0, "img": "PlanetFloor3", "pos": [1, 15], "type": "type"}, "1;16": {"IRID": 0, "img": "PlanetFloor3", "pos": [1, 16], "type": "type"}, "1;17": {"IRID": 0, "img": "lava", "pos": [1, 17], "type": "type"}, "1;18": {"IRID": 0, "img": "PlanetFloor3", "pos": [1, 18], "type": "type"}, "1;19": {"IRID": 0, "img": "PlanetFloor3", "pos": [1, 19], "type": "type"}, "2;0": {"IRID": 0, "img": "PlanetFloor1", "pos": [2, 0], "type": "type"}, "2;1": {"IRID": 0, "img": "PlanetFloor2", "pos": [2, 1], "type": "type"}, "2;2": {"IRID": 0, "img": "lava", "pos": [2, 2], "type": "type"}, "2;3": {"IRID": 0, "img": "PlanetFloor3", "pos": [2, 3], "type": "type"}, "2;4": {"IRID": 0, "img": "PlanetFloor2", "pos": [2, 4], "type": "type"}, "2;5": {"IRID": 0, "img": "PlanetFloor1", "pos": [2, 5], "type": "type"}, "2;6": {"IRID": 0, "img": "PlanetFloor3", "pos": [2, 6], "type": "type"}, "2;7": {"IRID": 0, "img": "PlanetFloor2", "pos": [2, 7], "type": "type"}, "2;8": {"IRID": 0, "img": "PlanetFloor3", "pos": [2, 8], "type": "type"}, "2;9": {"IRID": 0, "img": "PlanetFloor3", "pos": [2, 9], "type": "type"}, "2;10": {"IRID": 0, "img": "PlanetFloor2", "pos": [2, 10], "type": "type"}, "2;11": {"IRID": 0, "img": "PlanetFloor2", "pos": [2, 11], "type": "type"}, "2;12": {"IRID": 0, "img": "PlanetFloor3", "pos": [2, 12], "type": "type"}, "2;13": {"IRID": 0, "img": "PlanetFloor3", "pos": [2, 13], "type": "type"}, "2;14": {"IRID": 0, "img": "PlanetFloor2", "pos": [2, 14], "type": "type"}, "2;15": {"IRID": 0, "img": "PlanetFloor3", "pos": [2, 15], "type": "type"}, "2;16": {"IRID": 0, "img": "PlanetFloor3", "pos": [2, 16], "type": "type"}, "2;17": {"IRID": 0, "img": "PlanetFloor2", "pos": [2, 17], "type": "type"}, "2;18": {"IRID": 0, "img": "PlanetFloor2", "pos": [2, 18], "type": "type"}, "2;19": {"IRID": 0, "img": "PlanetFloor2", "pos": [2, 19], "type": "type"}, "3;0": {"IRID": 0, "img": "PlanetFloor3", "pos": [3, 0], "type": "type"}, "3;1": {"IRID": 0, "img": "PlanetFloor3", "pos": [3, 1], "type": "type"}, "3;2": {"IRID": 0, "img": "PlanetFloor3", "pos": [3, 2], "type": "type"}, "3;3": {"IRID": 0, "img": "PlanetFloor3", "pos": [3, 3], "type": "type"}, "3;4": {"IRID": 0, "img": "PlanetFloor2", "pos": [3, 4], "type": "type"}, "3;5": {"IRID": 0, "img": "PlanetFloor3", "pos": [3, 5], "type": "type"}, "3;6": {"IRID": 0, "img": "PlanetFloor2", "pos": [3, 6], "type": "type"}, "3;7": {"IRID": 0, "img": "PlanetFloor2", "pos": [3, 7], "type": "type"}, "3;8": {"IRID": 0, "img": "PlanetFloor3", "pos": [3, 8], "type": "type"}, "3;9": {"IRID": 0, "img": "PlanetFloor3", "pos": [3, 9], "type": "type"}, "3;10": {"IRID": 0, "img": "PlanetFloor3", "pos": [3, 10], "type": "type"}, "3;11": {"IRID": 0, "img": "PlanetFloor3", "pos": [3, 11], "type": "type"}, "3;12": {"IRID": 0, "img": "PlanetFloor3", "pos": [3, 12], "type": "type"}, "3;13": {"IRID": 0, "img": "PlanetFloor2", "pos": [3, 13], "type": "type"}, "3;14": {"IRID": 0, "img": "PlanetFloor2", "pos": [3, 14], "type": "type"}, "3;15": {"IRID": 0, "img": "PlanetFloor3", "pos": [3, 15], "type": "type"}, "3;16": {"IRID": 0, "img": "PlanetFloor3", "pos": [3, 16], "type": "type"}, "3;17": {"IRID": 0, "img": "PlanetFloor3", "pos": [3, 17], "type": "type"}, "3;18": {"IRID": 0, "img": "PlanetFloor2", "pos": [3, 18], "type": "type"}, "3;19": {"IRID": 0, "img": "PlanetFloor3", "pos": [3, 19], "type": "type"}, "4;0": {"IRID": 0, "img": "PlanetFloor3", "pos": [4, 0], "type": "type"}, "4;1": {"IRID": 0, "img": "PlanetFloor3", "pos": [4, 1], "type": "type"}, "4;2": {"IRID": 0, "img": "PlanetFloor3", "pos": [4, 2], "type": "type"}, "4;3": {"IRID": 0, "img": "PlanetFloor2", "pos": [4, 3], "type": "type"}, "4;4": {"IRID": 0, "img": "PlanetFloor3", "pos": [4, 4], "type": "type"}, "4;5": {"IRID": 0, "img": "PlanetFloor3", "pos": [4, 5], "type": "type"}, "4;6": {"IRID": 0, "img": "PlanetFloor3", "pos": [4, 6], "type": "type"}, "4;7": {"IRID": 0, "img": "PlanetFloor2", "pos": [4, 7], "type": "type"}, "4;8": {"IRID": 0, "img": "PlanetFloor2", "pos": [4, 8], "type": "type"}, "4;9": {"IRID": 0, "img": "PlanetFloor3", "pos": [4, 9], "type": "type"}, "4;10": {"IRID": 0, "img": "PlanetFloor2", "pos": [4, 10], "type": "type"}, "4;11": {"IRID": 0, "img": "PlanetFloor2", "pos": [4, 11], "type": "type"}, "4;12": {"IRID": 0, "img": "PlanetFloor2", "pos": [4, 12], "type": "type"}, "4;13": {"IRID": 0, "img": "PlanetFloor2", "pos": [4, 13], "type": "type"}, "4;14": {"IRID": 0, "img": "PlanetFloor2", "pos": [4, 14], "type": "type"}, "4;15": {"IRID": 0, "img": "PlanetFloor3", "pos": [4, 15], "type": "type"}, "4;16": {"IRID": 0, "img": "PlanetFloor3", "pos": [4, 16], "type": "type"}, "4;17": {"IRID": 0, "img": "PlanetFloor2", "pos": [4, 17], "type": "type"}, "4;18": {"IRID": 0, "img": "PlanetFloor3", "pos": [4, 18], "type": "type"}, "4;19": {"IRID": 0, "img": "PlanetFloor2", "pos": [4, 19], "type": "type"}, "5;0": {"IRID": 0, "img": "PlanetFloor3", "pos": [5, 0], "type": "type"}, "5;1": {"IRID": 0, "img": "PlanetFloor3", "pos": [5, 1], "type": "type"}, "5;2": {"IRID": 0, "img": "PlanetFloor3", "pos": [5, 2], "type": "type"}, "5;3": {"IRID": 0, "img": "PlanetFloor3", "pos": [5, 3], "type": "type"}, "5;4": {"IRID": 0, "img": "PlanetFloor3", "pos": [5, 4], "type": "type"}, "5;5": {"IRID": 0, "img": "PlanetFloor3", "pos": [5, 5], "type": "type"}, "5;6": {"IRID": 0, "img": "PlanetFloor3", "pos": [5, 6], "type": "type"}, "5;7": {"IRID": 0, "img": "PlanetFloor2", "pos": [5, 7], "type": "type"}, "5;8": {"IRID": 0, "img": "PlanetFloor2", "pos": [5, 8], "type": "type"}, "5;9": {"IRID": 0, "img": "PlanetFloor2", "pos": [5, 9], "type": "type"}, "5;10": {"IRID": 0, "img": "PlanetFloor1", "pos": [5, 10], "type": "type"}, "5;11": {"IRID": 0, "img": "PlanetFloor2", "pos": [5, 11], "type": "type"}, "5;12": {"IRID": 0, "img": "PlanetFloor3", "pos": [5, 12], "type": "type"}, "5;13": {"IRID": 0, "img": "PlanetFloor2", "pos": [5, 13], "type": "type"}, "5;14": {"IRID": 0, "img": "PlanetFloor3", "pos": [5, 14], "type": "type"}, "5;15": {"IRID": 0, "img": "PlanetFloor3", "pos": [5, 15], "type": "type"}, "5;16": {"IRID": 0, "img": "PlanetFloor3", "pos": [5, 16], "type": "type"}, "5;17": {"IRID": 0, "img": "PlanetFloor3", "pos": [5, 17], "type": "type"}, "5;18": {"IRID": 0, "img": "lava", "pos": [5, 18], "type": "type"}, "5;19": {"IRID": 0, "img": "PlanetFloor2", "pos": [5, 19], "type": "type"}, "6;0": {"IRID": 0, "img": "PlanetFloor3", "pos": [6, 0], "type": "type"}, "6;1": {"IRID": 0, "img": "PlanetFloor2", "pos": [6, 1], "type": "type"}, "6;2": {"IRID": 0, "img": "lava", "pos": [6, 2], "type": "type"}, "6;3": {"IRID": 0, "img": "PlanetFloor2", "pos": [6, 3], "type": "type"}, "6;4": {"IRID": 0, "img": "PlanetFloor3", "pos": [6, 4], "type": "type"}, "6;5": {"IRID": 0, "img": "PlanetFloor3", "pos": [6, 5], "type": "type"}, "6;6": {"IRID": 0, "img": "PlanetFloor3", "pos": [6, 6], "type": "type"}, "6;7": {"IRID": 0, "img": "PlanetFloor2", "pos": [6, 7], "type": "type"}, "6;8": {"IRID": 0, "img": "lava", "pos": [6, 8], "type": "type"}, "6;9": {"IRID": 0, "img": "PlanetFloor2", "pos": [6, 9], "type": "type"}, "6;10": {"IRID": 0, "img": "PlanetFloor2", "pos": [6, 10], "type": "type"}, "6;11": {"IRID": 0, "img": "PlanetFloor3", "pos": [6, 11], "type": "type"}, "6;12": {"IRID": 0, "img": "PlanetFloor3", "pos": [6, 12], "type": "type"}, "6;13": {"IRID": 0, "img": "water", "pos": [6, 13], "type": "type"}, "6;14": {"IRID": 0, "img": "PlanetFloor2", "pos": [6, 14], "type": "type"}, "6;15": {"IRID": 0, "img": "PlanetFloor3", "pos": [6, 15], "type": "type"}, "6;16": {"IRID": 0, "img": "PlanetFloor3", "pos": [6, 16], "type": "type"}, "6;17": {"IRID": 0, "img": "PlanetFloor2", "pos": [6, 17], "type": "type"}, "6;18": {"IRID": 0, "img": "PlanetFloor3", "pos": [6, 18], "type": "type"}, "6;19": {"IRID": 0, "img": "PlanetFloor2", "pos": [6, 19], "type": "type"}, "7;0": {"IRID": 0, "img": "PlanetFloor1", "pos": [7, 0], "type": "type"}, "7;1": {"IRID": 0, "img": "water", "pos": [7, 1], "type": "type"}, "7;2": {"IRID": 0, "img": "PlanetFloor3", "pos": [7, 2], "type": "type"}, "7;3": {"IRID": 0, "img": "PlanetFloor2", "pos": [7, 3], "type": "type"}, "7;4": {"IRID": 0, "img": "PlanetFloor2", "pos": [7, 4], "type": "type"}, "7;5": {"IRID": 0, "img": "PlanetFloor2", "pos": [7, 5], "type": "type"}, "7;6": {"IRID": 0, "img": "PlanetFloor3", "pos": [7, 6], "type": "type"}, "7;7": {"IRID": 0, "img": "lava", "pos": [7, 7], "type": "type"}, "7;8": {"IRID": 0, "img": "PlanetFloor2", "pos": [7, 8], "type": "type"}, "7;9": {"IRID": 0, "img": "PlanetFloor3", "pos": [7, 9], "type": "type"}, "7;10": {"IRID": 0, "img": "PlanetFloor3", "pos": [7, 10], "type": "type"}, "7;11": {"IRID": 0, "img": "PlanetFloor2", "pos": [7, 11], "type": "type"}, "7;12": {"IRID": 0, "img": "PlanetFloor2", "pos": [7, 12], "type": "type"}, "7;13": {"IRID": 0, "img": "PlanetFloor3", "pos": [7, 13], "type": "type"}, "7;14": {"IRID": 0, "img": "PlanetFloor3", "pos": [7, 14], "type": "type"}, "7;15": {"IRID": 0, "img": "PlanetFloor3", "pos": [7, 15], "type": "type"}, "7;16": {"IRID": 0, "img": "PlanetFloor3", "pos": [7, 16], "type": "type"}, "7;17": {"IRID": 0, "img": "PlanetFloor3", "pos": [7, 17], "type": "type"}, "7;18": {"IRID": 0, "img": "PlanetFloor2", "pos": [7, 18], "type": "type"}, "7;19": {"IRID": 0, "img": "PlanetFloor2", "pos": [7, 19], "type": "type"}, "8;0": {"IRID": 0, "img": "PlanetFloor2", "pos": [8, 0], "type": "type"}, "8;1": {"IRID": 0, "img": "PlanetFloor3", "pos": [8, 1], "type": "type"}, "8;2": {"IRID": 0, "img": "PlanetFloor3", "pos": [8, 2], "type": "type"}, "8;3": {"IRID": 0, "img": "PlanetFloor2", "pos": [8, 3], "type": "type"}, "8;4": {"IRID": 0, "img": "PlanetFloor2", "pos": [8, 4], "type": "type"}, "8;5": {"IRID": 0, "img": "PlanetFloor3", "pos": [8, 5], "type": "type"}, "8;6": {"IRID": 0, "img": "PlanetFloor3", "pos": [8, 6], "type": "type"}, "8;7": {"IRID": 0, "img": "PlanetFloor3", "pos": [8, 7], "type": "type"}, "8;8": {"IRID": 0, "img": "PlanetFloor2", "pos": [8, 8], "type": "type"}, "8;9": {"IRID": 0, "img": "PlanetFloor3", "pos": [8, 9], "type": "type"}, "8;10": {"IRID": 0, "img": "lava", "pos": [8, 10], "type": "type"}, "8;11": {"IRID": 0, "img": "PlanetFloor3", "pos": [8, 11], "type": "type"}, "8;12": {"IRID": 0, "img": "PlanetFloor3", "pos": [8, 12], "type": "type"}, "8;13": {"IRID": 0, "img": "PlanetFloor2", "pos": [8, 13], "type": "type"}, "8;14": {"IRID": 0, "img": "PlanetFloor2", "pos": [8, 14], "type": "type"}, "8;15": {"IRID": 0, "img": "PlanetFloor2", "pos": [8, 15], "type": "type"}, "8;16": {"IRID": 0, "img": "PlanetFloor3", "pos": [8, 16], "type": "type"}, "8;17": {"IRID": 0, "img": "PlanetFloor3", "pos": [8, 17], "type": "type"}, "8;18": {"IRID": 0, "img": "PlanetFloor3", "pos": [8, 18], "type": "type"}, "8;19": {"IRID": 0, "img": "PlanetFloor3", "pos": [8, 19], "type": "type"}, "9;0": {"IRID": 0, "img": "water", "pos": [9, 0], "type": "type"}, "9;1": {"IRID": 0, "img": "PlanetFloor3", "pos": [9, 1], "type": "type"}, "9;2": {"IRID": 0, "img": "PlanetFloor3", "pos": [9, 2], "type": "type"}, "9;3": {"IRID": 0, "img": "PlanetFloor2", "pos": [9, 3], "type": "type"}, "9;4": {"IRID": 0, "img": "PlanetFloor2", "pos": [9, 4], "type": "type"}, "9;5": {"IRID": 0, "img": "PlanetFloor2", "pos": [9, 5], "type": "type"}, "9;6": {"IRID": 0, "img": "PlanetFloor2", "pos": [9, 6], "type": "type"}, "9;7": {"IRID": 0, "img": "PlanetFloor3", "pos": [9, 7], "type": "type"}, "9;8": {"IRID": 0, "img": "PlanetFloor3", "pos": [9, 8], "type": "type"}, "9;9": {"IRID": 0, "img": "PlanetFloor3", "pos": [9, 9], "type": "type"}, "9;10": {"IRID": 0, "img": "PlanetFloor3", "pos": [9, 10], "type": "type"}, "9;11": {"IRID": 0, "img": "PlanetFloor2", "pos": [9, 11], "type": "type"}, "9;12": {"IRID": 0, "img": "PlanetFloor1", "pos": [9, 12], "type": "type"}, "9;13": {"IRID": 0, "img": "PlanetFloor1", "pos": [9, 13], "type": "type"}, "9;14": {"IRID": 0, "img": "PlanetFloor3", "pos": [9, 14], "type": "type"}, "9;15": {"IRID": 0, "img": "PlanetFloor2", "pos": [9, 15], "type": "type"}, "9;16": {"IRID": 0, "img": "PlanetFloor2", "pos": [9, 16], "type": "type"}, "9;17": {"IRID": 0, "img": "water", "pos": [9, 17], "type": "type"}, "9;18": {"IRID": 0, "img": "PlanetFloor3", "pos": [9, 18], "type": "type"}, "9;19": {"IRID": 0, "img": "PlanetFloor3", "pos": [9, 19], "type": "type"}, "10;0": {"IRID": 0, "img": "PlanetFloor3", "pos": [10, 0], "type": "type"}, "10;1": {"IRID": 0, "img": "PlanetFloor3", "pos": [10, 1], "type": "type"}, "10;2": {"IRID": 0, "img": "PlanetFloor3", "pos": [10, 2], "type": "type"}, "10;3": {"IRID": 0, "img": "PlanetFloor2", "pos": [10, 3], "type": "type"}, "10;4": {"IRID": 0, "img": "PlanetFloor3", "pos": [10, 4], "type": "type"}, "10;5": {"IRID": 0, "img": "PlanetFloor3", "pos": [10, 5], "type": "type"}, "10;6": {"IRID": 0, "img": "PlanetFloor2", "pos": [10, 6], "type": "type"}, "10;7": {"IRID": 0, "img": "PlanetFloor2", "pos": [10, 7], "type": "type"}, "10;8": {"IRID": 0, "img": "PlanetFloor3", "pos": [10, 8], "type": "type"}, "10;9": {"IRID": 0, "img": "PlanetFloor3", "pos": [10, 9], "type": "type"}, "10;10": {"IRID": 0, "img": "PlanetFloor2", "pos": [10, 10], "type": "type"}, "10;11": {"IRID": 0, "img": "PlanetFloor2", "pos": [10, 11], "type": "type"}, "10;12": {"IRID": 0, "img": "PlanetFloor2", "pos": [10, 12], "type": "type"}, "10;13": {"IRID": 0, "img": "lava", "pos": [10, 13], "type": "type"}, "10;14": {"IRID": 0, "img": "lava", "pos": [10, 14], "type": "type"}, "10;15": {"IRID": 0, "img": "PlanetFloor3", "pos": [10, 15], "type": "type"}, "10;16": {"IRID": 0, "img": "PlanetFloor3", "pos": [10, 16], "type": "type"}, "10;17": {"IRID": 0, "img": "PlanetFloor3", "pos": [10, 17], "type": "type"}, "10;18": {"IRID": 0, "img": "PlanetFloor1", "pos": [10, 18], "type": "type"}, "10;19": {"IRID": 0, "img": "PlanetFloor2", "pos": [10, 19], "type": "type"}, "11;0": {"IRID": 0, "img": "water", "pos": [11, 0], "type": "type"}, "11;1": {"IRID": 0, "img": "PlanetFloor2", "pos": [11, 1], "type": "type"}, "11;2": {"IRID": 0, "img": "PlanetFloor3", "pos": [11, 2], "type": "type"}, "11;3": {"IRID": 0, "img": "PlanetFloor2", "pos": [11, 3], "type": "type"}, "11;4": {"IRID": 0, "img": "PlanetFloor2", "pos": [11, 4], "type": "type"}, "11;5": {"IRID": 0, "img": "PlanetFloor3", "pos": [11, 5], "type": "type"}, "11;6": {"IRID": 0, "img": "PlanetFloor3", "pos": [11, 6], "type": "type"}, "11;7": {"IRID": 0, "img": "PlanetFloor3", "pos": [11, 7], "type": "type"}, "11;8": {"IRID": 0, "img": "PlanetFloor3", "pos": [11, 8], "type": "type"}, "11;9": {"IRID": 0, "img": "PlanetFloor2", "pos": [11, 9], "type": "type"}, "11;10": {"IRID": 0, "img": "PlanetFloor3", "pos": [11, 10], "type": "type"}, "11;11": {"IRID": 0, "img": "lava", "pos": [11, 11], "type": "type"}, "11;12": {"IRID": 0, "img": "PlanetFloor2", "pos": [11, 12], "type": "type"}, "11;13": {"IRID": 0, "img": "PlanetFloor2", "pos": [11, 13], "type": "type"}, "11;14": {"IRID": 0, "img": "PlanetFloor2", "pos": [11, 14], "type": "type"}, "11;15": {"IRID": 0, "img": "PlanetFloor2", "pos": [11, 15], "type": "type"}, "11;16": {"IRID": 0, "img": "PlanetFloor2", "pos": [11, 16], "type": "type"}, "11;17": {"IRID": 0, "img": "lava", "pos": [11, 17], "type": "type"}, "11;18": {"IRID": 0, "img": "PlanetFloor3", "pos": [11, 18], "type": "type"}, "11;19": {"IRID": 0, "img": "PlanetFloor3", "pos": [11, 19], "type": "type"}, "12;0": {"IRID": 0, "img": "PlanetFloor3", "pos": [12, 0], "type": "type"}, "12;1": {"IRID": 0, "img": "PlanetFloor3", "pos": [12, 1], "type": "type"}, "12;2": {"IRID": 0, "img": "PlanetFloor3", "pos": [12, 2], "type": "type"}, "12;3": {"IRID": 0, "img": "PlanetFloor2", "pos": [12, 3], "type": "type"}, "12;4": {"IRID": 0, "img": "PlanetFloor3", "pos": [12, 4], "type": "type"}, "12;5": {"IRID": 0, "img": "PlanetFloor2", "pos": [12, 5], "type": "type"}, "12;6": {"IRID": 0, "img": "PlanetFloor2", "pos": [12, 6], "type": "type"}, "12;7": {"IRID": 0, "img": "PlanetFloor2", "pos": [12, 7], "type": "type"}, "12;8": {"IRID": 0, "img": "PlanetFloor3", "pos": [12, 8], "type": "type"}, "12;9": {"IRID": 0, "img": "lava", "pos": [12, 9], "type": "type"}, "12;10": {"IRID": 0, "img": "PlanetFloor3", "pos": [12, 10], "type": "type"}, "12;11": {"IRID": 0, "img": "PlanetFloor2", "pos": [12, 11], "type": "type"}, "12;12": {"IRID": 0, "img": "PlanetFloor2", "pos": [12, 12], "type": "type"}, "12;13": {"IRID": 0, "img": "PlanetFloor3", "pos": [12, 13], "type": "type"}, "12;14": {"IRID": 0, "img": "PlanetFloor3", "pos": [12, 14], "type": "type"}, "12;15": {"IRID": 0, "img": "water", "pos": [12, 15], "type": "type"}, "12;16": {"IRID": 0, "img": "PlanetFloor3", "pos": [12, 16], "type": "type"}, "12;17": {"IRID": 0, "img": "PlanetFloor2", "pos": [12, 17], "type": "type"}, "12;18": {"IRID": 0, "img": "PlanetFloor3", "pos": [12, 18], "type": "type"}, "12;19": {"IRID": 0, "img": "PlanetFloor2", "pos": [12, 19], "type": "type"}, "13;0": {"IRID": 0, "img": "PlanetFloor2", "pos": [13, 0], "type": "type"}, "13;1": {"IRID": 0, "img": "PlanetFloor3", "pos": [13, 1], "type": "type"}, "13;2": {"IRID": 0, "img": "PlanetFloor2", "pos": [13, 2], "type": "type"}, "13;3": {"IRID": 0, "img": "PlanetFloor2", "pos": [13, 3], "type": "type"}, "13;4": {"IRID": 0, "img": "PlanetFloor3", "pos": [13, 4], "type": "type"}, "13;5": {"IRID": 0, "img": "PlanetFloor2", "pos": [13, 5], "type": "type"}, "13;6": {"IRID": 0, "img": "PlanetFloor2", "pos": [13, 6], "type": "type"}, "13;7": {"IRID": 0, "img": "PlanetFloor3", "pos": [13, 7], "type": "type"}, "13;8": {"IRID": 0, "img": "PlanetFloor2", "pos": [13, 8], "type": "type"}, "13;9": {"IRID": 0, "img": "PlanetFloor3", "pos": [13, 9], "type": "type"}, "13;10": {"IRID": 0, "img": "PlanetFloor3", "pos": [13, 10], "type": "type"}, "13;11": {"IRID": 0, "img": "PlanetFloor3", "pos": [13, 11], "type": "type"}, "13;12": {"IRID": 0, "img": "PlanetFloor3", "pos": [13, 12], "type": "type"}, "13;13": {"IRID": 0, "img": "PlanetFloor3", "pos": [13, 13], "type": "type"}, "13;14": {"IRID": 0, "img": "PlanetFloor3", "pos": [13, 14], "type": "type"}, "13;15": {"IRID": 0, "img": "PlanetFloor2", "pos": [13, 15], "type": "type"}, "13;16": {"IRID": 0, "img": "PlanetFloor2", "pos": [13, 16], "type": "type"}, "13;17": {"IRID": 0, "img": "PlanetFloor3", "pos": [13, 17], "type": "type"}, "13;18": {"IRID": 0, "img": "lava", "pos": [13, 18], "type": "type"}, "13;19": {"IRID": 0, "img": "PlanetFloor3", "pos": [13, 19], "type": "type"}, "14;0": {"IRID": 0, "img": "PlanetFloor3", "pos": [14, 0], "type": "type"}, "14;1": {"IRID": 0, "img": "PlanetFloor3", "pos": [14, 1], "type": "type"}, "14;2": {"IRID": 0, "img": "PlanetFloor3", "pos": [14, 2], "type": "type"}, "14;3": {"IRID": 0, "img": "lava", "pos": [14, 3], "type": "type"}, "14;4": {"IRID": 0, "img": "PlanetFloor2", "pos": [14, 4], "type": "type"}, "14;5": {"IRID": 0, "img": "PlanetFloor3", "pos": [14, 5], "type": "type"}, "14;6": {"IRID": 0, "img": "PlanetFloor1", "pos": [14, 6], "type": "type"}, "14;7": {"IRID": 0, "img": "PlanetFloor3", "pos": [14, 7], "type": "type"}, "14;8": {"IRID": 0, "img": "PlanetFloor3", "pos": [14, 8], "type": "type"}, "14;9": {"IRID": 0, "img": "PlanetFloor3", "pos": [14, 9], "type": "type"}, "14;10": {"IRID": 0, "img": "PlanetFloor3", "pos": [14, 10], "type": "type"}, "14;11": {"IRID": 0, "img": "PlanetFloor2", "pos": [14, 11], "type": "type"}, "14;12": {"IRID": 0, "img": "PlanetFloor3", "pos": [14, 12], "type": "type"}, "14;13": {"IRID": 0, "img": "PlanetFloor2", "pos": [14, 13], "type": "type"}, "14;14": {"IRID": 0, "img": "PlanetFloor3", "pos": [14, 14], "type": "type"}, "14;15": {"IRID": 0, "img": "PlanetFloor3", "pos": [14, 15], "type": "type"}, "14;16": {"IRID": 0, "img": "PlanetFloor2", "pos": [14, 16], "type": "type"}, "14;17": {"IRID": 0, "img": "PlanetFloor2", "pos": [14, 17], "type": "type"}, "14;18": {"IRID": 0, "img": "PlanetFloor3", "pos": [14, 18], "type": "type"}, "14;19": {"IRID": 0, "img": "PlanetFloor3", "pos": [14, 19], "type": "type"}, "15;0": {"IRID": 0, "img": "PlanetFloor1", "pos": [15, 0], "type": "type"}, "15;1": {"IRID": 0, "img": "water", "pos": [15, 1], "type": "type"}, "15;2": {"IRID": 0, "img": "PlanetFloor3", "pos": [15, 2], "type": "type"}, "15;3": {"IRID": 0, "img": "PlanetFloor3", "pos": [15, 3], "type": "type"}, "15;4": {"IRID": 0, "img": "PlanetFloor2", "pos": [15, 4], "type": "type"}, "15;5": {"IRID": 0, "img": "PlanetFloor2", "pos": [15, 5], "type": "type"}, "15;6": {"IRID": 0, "img": "PlanetFloor2", "pos": [15, 6], "type": "type"}, "15;7": {"IRID": 0, "img": "PlanetFloor3", "pos": [15, 7], "type": "type"}, "15;8": {"IRID": 0, "img": "PlanetFloor2", "pos": [15, 8], "type": "type"}, "15;9": {"IRID": 0, "img": "PlanetFloor2", "pos": [15, 9], "type": "type"}, "15;10": {"IRID": 0, "img": "PlanetFloor2", "pos": [15, 10], "type": "type"}, "15;11": {"IRID": 0, "img": "PlanetFloor2", "pos": [15, 11], "type": "type"}, "15;12": {"IRID": 0, "img": "PlanetFloor1", "pos": [15, 12], "type": "type"}, "15;13": {"IRID": 0, "img": "PlanetFloor3", "pos": [15, 13], "type": "type"}, "15;14": {"IRID": 0, "img": "PlanetFloor3", "pos": [15, 14], "type": "type"}, "15;15": {"IRID": 0, "img": "PlanetFloor3", "pos": [15, 15], "type": "type"}, "15;16": {"IRID": 0, "img": "PlanetFloor3", "pos": [15, 16], "type": "type"}, "15;17": {"IRID": 0, "img": "PlanetFloor2", "pos": [15, 17], "type": "type"}, "15;18": {"IRID": 0, "img": "PlanetFloor3", "pos": [15, 18], "type": "type"}, "15;19": {"IRID": 0, "img": "PlanetFloor3", "pos": [15, 19], "type": "type"}, "16;0": {"IRID": 0, "img": "PlanetFloor3", "pos": [16, 0], "type": "type"}, "16;1": {"IRID": 0, "img": "PlanetFloor3", "pos": [16, 1], "type": "type"}, "16;2": {"IRID": 0, "img": "PlanetFloor3", "pos": [16, 2], "type": "type"}, "16;3": {"IRID": 0, "img": "PlanetFloor3", "pos": [16, 3], "type": "type"}, "16;4": {"IRID": 0, "img": "PlanetFloor3", "pos": [16, 4], "type": "type"}, "16;5": {"IRID": 0, "img": "PlanetFloor3", "pos": [16, 5], "type": "type"}, "16;6": {"IRID": 0, "img": "PlanetFloor2", "pos": [16, 6], "type": "type"}, "16;7": {"IRID": 0, "img": "PlanetFloor2", "pos": [16, 7], "type": "type"}, "16;8": {"IRID": 0, "img": "PlanetFloor3", "pos": [16, 8], "type": "type"}, "16;9": {"IRID": 0, "img": "PlanetFloor3", "pos": [16, 9], "type": "type"}, "16;10": {"IRID": 0, "img": "PlanetFloor2", "pos": [16, 10], "type": "type"}, "16;11": {"IRID": 0, "img": "PlanetFloor2", "pos": [16, 11], "type": "type"}, "16;12": {"IRID": 0, "img": "PlanetFloor3", "pos": [16, 12], "type": "type"}, "16;13": {"IRID": 0, "img": "PlanetFloor2", "pos": [16, 13], "type": "type"}, "16;14": {"IRID": 0, "img": "PlanetFloor1", "pos": [16, 14], "type": "type"}, "16;15": {"IRID": 0, "img": "PlanetFloor2", "pos": [16, 15], "type": "type"}, "16;16": {"IRID": 0, "img": "PlanetFloor3", "pos": [16, 16], "type": "type"}, "16;17": {"IRID": 0, "img": "PlanetFloor3", "pos": [16, 17], "type": "type"}, "16;18": {"IRID": 0, "img": "PlanetFloor3", "pos": [16, 18], "type": "type"}, "16;19": {"IRID": 0, "img": "PlanetFloor3", "pos": [16, 19], "type": "type"}, "17;0": {"IRID": 0, "img": "PlanetFloor3", "pos": [17, 0], "type": "type"}, "17;1": {"IRID": 0, "img": "PlanetFloor2", "pos": [17, 1], "type": "type"}, "17;2": {"IRID": 0, "img": "PlanetFloor3", "pos": [17, 2], "type": "type"}, "17;3": {"IRID": 0, "img": "lava", "pos": [17, 3], "type": "type"}, "17;4": {"IRID": 0, "img": "water", "pos": [17, 4], "type": "type"}, "17;5": {"IRID": 0, "img": "PlanetFloor2", "pos": [17, 5], "type": "type"}, "17;6": {"IRID": 0, "img": "PlanetFloor3", "pos": [17, 6], "type": "type"}, "17;7": {"IRID": 0, "img": "PlanetFloor1", "pos": [17, 7], "type": "type"}, "17;8": {"IRID": 0, "img": "PlanetFloor3", "pos": [17, 8], "type": "type"}, "17;9": {"IRID": 0, "img": "PlanetFloor3", "pos": [17, 9], "type": "type"}, "17;10": {"IRID": 0, "img": "PlanetFloor3", "pos": [17, 10], "type": "type"}, "17;11": {"IRID": 0, "img": "PlanetFloor3", "pos": [17, 11], "type": "type"}, "17;12": {"IRID": 0, "img": "PlanetFloor3", "pos": [17, 12], "type": "type"}, "17;13": {"IRID": 0, "img": "lava", "pos": [17, 13], "type": "type"}, "17;14": {"IRID": 0, "img": "PlanetFloor3", "pos": [17, 14], "type": "type"}, "17;15": {"IRID": 0, "img": "PlanetFloor3", "pos": [17, 15], "type": "type"}, "17;16": {"IRID": 0, "img": "PlanetFloor3", "pos": [17, 16], "type": "type"}, "17;17": {"IRID": 0, "img": "PlanetFloor2", "pos": [17, 17], "type": "type"}, "17;18": {"IRID": 0, "img": "lava", "pos": [17, 18], "type": "type"}, "17;19": {"IRID": 0, "img": "PlanetFloor2", "pos": [17, 19], "type": "type"}, "18;0": {"IRID": 0, "img": "PlanetFloor3", "pos": [18, 0], "type": "type"}, "18;1": {"IRID": 0, "img": "PlanetFloor2", "pos": [18, 1], "type": "type"}, "18;2": {"IRID": 0, "img": "PlanetFloor3", "pos": [18, 2], "type": "type"}, "18;3": {"IRID": 0, "img": "PlanetFloor3", "pos": [18, 3], "type": "type"}, "18;4": {"IRID": 0, "img": "lava", "pos": [18, 4], "type": "type"}, "18;5": {"IRID": 0, "img": "PlanetFloor3", "pos": [18, 5], "type": "type"}, "18;6": {"IRID": 0, "img": "PlanetFloor3", "pos": [18, 6], "type": "type"}, "18;7": {"IRID": 0, "img": "PlanetFloor3", "pos": [18, 7], "type": "type"}, "18;8": {"IRID": 0, "img": "PlanetFloor1", "pos": [18, 8], "type": "type"}, "18;9": {"IRID": 0, "img": "water", "pos": [18, 9], "type": "type"}, "18;10": {"IRID": 0, "img": "PlanetFloor3", "pos": [18, 10], "type": "type"}, "18;11": {"IRID": 0, "img": "PlanetFloor3", "pos": [18, 11], "type": "type"}, "18;12": {"IRID": 0, "img": "PlanetFloor3", "pos": [18, 12], "type": "type"}, "18;13": {"IRID": 0, "img": "PlanetFloor3", "pos": [18, 13], "type": "type"}, "18;14": {"IRID": 0, "img": "water", "pos": [18, 14], "type": "type"}, "18;15": {"IRID": 0, "img": "PlanetFloor1", "pos": [18, 15], "type": "type"}, "18;16": {"IRID": 0, "img": "PlanetFloor2", "pos": [18, 16], "type": "type"}, "18;17": {"IRID": 0, "img": "PlanetFloor2", "pos": [18, 17], "type": "type"}, "18;18": {"IRID": 0, "img": "PlanetFloor2", "pos": [18, 18], "type": "type"}, "18;19": {"IRID": 0, "img": "PlanetFloor2", "pos": [18, 19], "type": "type"}, "19;0": {"IRID": 0, "img": "PlanetFloor2", "pos": [19, 0], "type": "type"}, "19;1": {"IRID": 0, "img": "PlanetFloor3", "pos": [19, 1], "type": "type"}, "19;2": {"IRID": 0, "img": "PlanetFloor2", "pos": [19, 2], "type": "type"}, "19;3": {"IRID": 0, "img": "PlanetFloor1", "pos": [19, 3], "type": "type"}, "19;4": {"IRID": 0, "img": "PlanetFloor2", "pos": [19, 4], "type": "type"}, "19;5": {"IRID": 0, "img": "PlanetFloor2", "pos": [19, 5], "type": "type"}, "19;6": {"IRID": 0, "img": "PlanetFloor3", "pos": [19, 6], "type": "type"}, "19;7": {"IRID": 0, "img": "PlanetFloor1", "pos": [19, 7], "type": "type"}, "19;8": {"IRID": 0, "img": "water", "pos": [19, 8], "type": "type"}, "19;9": {"IRID": 0, "img": "PlanetFloor2", "pos": [19, 9], "type": "type"}, "19;10": {"IRID": 0, "img": "PlanetFloor3", "pos": [19, 10], "type": "type"}, "19;11": {"IRID": 0, "img": "PlanetFloor2", "pos": [19, 11], "type": "type"}, "19;12": {"IRID": 0, "img": "PlanetFloor3", "pos": [19, 12], "type": "type"}, "19;13": {"IRID": 0, "img": "PlanetFloor3", "pos": [19, 13], "type": "type"}, "19;14": {"IRID": 0, "img": "PlanetFloor3", "pos": [19, 14], "type": "type"}, "19;15": {"IRID": 0, "img": "PlanetFloor2", "pos": [19, 15], "type": "type"}, "19;16": {"IRID": 0, "img": "PlanetFloor3", "pos": [19, 16], "type": "type"}, "19;17": {"IRID": 0, "img": "PlanetFloor3", "pos": [19, 17], "type": "type"}, "19;18": {"IRID": 0, "img": "PlanetFloor3", "pos": [19, 18], "type": "type"}, "19;19": {"IRID": 0, "img": "PlanetFloor2", "pos": [19, 19], "type": "type"}}, "startpos": [0, 0], "size": [20, 20]}